<?xml version="1.0" encoding="utf-8" ?>
<dwsync>
<file name="dashboard.php" server="C:/xampp/htdocs/hosts/" local="131304205952392927" remote="131304205950000000" Dst="0" />
<file name="logout.php" server="C:/xampp/htdocs/hosts/" local="131304210349710515" remote="131304210340000000" Dst="0" />
<file name="registration.php" server="C:/xampp/htdocs/hosts/" local="131324049738241541" remote="131324049730000000" Dst="0" />
<file name="get_seater.php" server="C:/xampp/htdocs/hosts/" local="131323977548489303" remote="131323977540000000" Dst="0" />
<file name="edit-course.php" server="C:/xampp/htdocs/hosts/" local="131305905851959698" remote="131305905850000000" Dst="0" />
<file name="add-courses.php" server="C:/xampp/htdocs/hosts/" local="131305906414597520" remote="131305906410000000" Dst="0" />
<file name="index.php" server="C:/xampp/htdocs/hosts/" local="131320939697520585" remote="131320939690000000" Dst="0" />
<file name="userregister.php" server="C:/xampp/htdocs/hosts/" local="131306755307758689" remote="131306755300000000" Dst="0" />
<file name="intro.php" server="C:/xampp/htdocs/hosts/" local="131310286608368744" remote="131310286600000000" Dst="0" />
<file name="admin-profile.php" server="C:/xampp/htdocs/hosts/" local="131320967286534781" remote="131320967280000000" Dst="0" />
<file name="check_availability.php" server="C:/xampp/htdocs/hosts/" local="131323988366348954" remote="131323988360000000" Dst="0" />
<file name="access-log.php" server="C:/xampp/htdocs/hosts/" local="131323966702197502" remote="131323966700000000" Dst="0" />
</dwsync>