<?xml version="1.0" encoding="utf-8" ?>
<dwsync>
<file name="font-awesome.min.css" server="C:/xampp/htdocs/hosts/" local="131050131230000000" remote="131050131230000000" Dst="0" />
<file name="bootstrap.min.css" server="C:/xampp/htdocs/hosts/" local="131050131230000000" remote="131050131230000000" Dst="0" />
<file name="dataTables.bootstrap.min.css" server="C:/xampp/htdocs/hosts/" local="131050131230000000" remote="131050131230000000" Dst="0" />
<file name="bootstrap-social.css" server="C:/xampp/htdocs/hosts/" local="131050131230000000" remote="131050131230000000" Dst="0" />
<file name="bootstrap-select.css" server="C:/xampp/htdocs/hosts/" local="131050131230000000" remote="131050131230000000" Dst="0" />
<file name="fileinput.min.css" server="C:/xampp/htdocs/hosts/" local="131050131230000000" remote="131050131230000000" Dst="0" />
<file name="awesome-bootstrap-checkbox.css" server="C:/xampp/htdocs/hosts/" local="131050131230000000" remote="131050131230000000" Dst="0" />
<file name="style.css" server="C:/xampp/htdocs/hosts/" local="131115182955539761" remote="131115182950000000" Dst="0" />
</dwsync>