<?xml version="1.0" encoding="utf-8" ?>
<dwsync>
<file name="jquery.min.js" server="C:/xampp/htdocs/hosts/" local="131050131330000000" remote="131050131330000000" Dst="0" />
<file name="bootstrap-select.min.js" server="C:/xampp/htdocs/hosts/" local="131050131320000000" remote="131050131320000000" Dst="0" />
<file name="bootstrap.min.js" server="C:/xampp/htdocs/hosts/" local="131050131320000000" remote="131050131320000000" Dst="0" />
<file name="jquery.dataTables.min.js" server="C:/xampp/htdocs/hosts/" local="131050131330000000" remote="131050131330000000" Dst="0" />
<file name="dataTables.bootstrap.min.js" server="C:/xampp/htdocs/hosts/" local="131050131330000000" remote="131050131330000000" Dst="0" />
<file name="Chart.min.js" server="C:/xampp/htdocs/hosts/" local="131050131330000000" remote="131050131330000000" Dst="0" />
<file name="fileinput.js" server="C:/xampp/htdocs/hosts/" local="131050131330000000" remote="131050131330000000" Dst="0" />
<file name="chartData.js" server="C:/xampp/htdocs/hosts/" local="131050131330000000" remote="131050131330000000" Dst="0" />
<file name="main.js" server="C:/xampp/htdocs/hosts/" local="131050131330000000" remote="131050131330000000" Dst="0" />
</dwsync>