<?xml version="1.0" encoding="utf-8" ?>
<dwsync>
<file name="index.php" server="C:/xampp/htdocs/hosts/" local="131324052317311696" remote="131324052310000000" Dst="0" />
<file name="registration.php" server="C:/xampp/htdocs/hosts/" local="131324022587372213" remote="131324022580000000" Dst="0" />
<file name="book-hostel.php" server="C:/xampp/htdocs/hosts/" local="131305222951891512" remote="131305222950000000" Dst="0" />
<file name="login.php" server="C:/xampp/htdocs/hosts/" local="131304256390836664" remote="131304256390000000" Dst="0" />
<file name="my-profile.php" server="C:/xampp/htdocs/hosts/" local="131324062429828471" remote="131324062420000000" Dst="0" />
<file name="room-details.php" server="C:/xampp/htdocs/hosts/" local="131305926228910885" remote="131305926220000000" Dst="0" />
<file name="full-profile.php" server="C:/xampp/htdocs/hosts/" local="131305228454919857" remote="131305228450000000" Dst="0" />
<file name="change-password.php" server="C:/xampp/htdocs/hosts/" local="131320946858958288" remote="131320946850000000" Dst="0" />
<file name="check_availability.php" server="C:/xampp/htdocs/hosts/" local="131323987867819860" remote="131323987860000000" Dst="0" />
<file name="forgot-password.php" server="C:/xampp/htdocs/hosts/" local="131323962881275620" remote="131323962880000000" Dst="0" />
</dwsync>